country,country_code,carry_pct,carry_bps,vol_returns_annual,carry_to_vol_returns,vol_spread_bps_annual,carry_to_vol_spread,data_points,date_range
ANGOLA,ANG,8.751,875.0999999999999,0.33515007006377173,0.26110691244477063,251.4504346202459,3.480208739036874,71,2021-07 to 2026-07
ARGENTINA,ARG,4.304,430.40000000000003,0.4606324828058948,0.0934367453589602,722.4059678683009,0.595786883198153,71,2021-07 to 2026-07
ARMENIA,ARM,4.89,488.99999999999994,0.3286971856471684,0.14876914721287104,113.59244424872632,4.304863789437148,71,2021-07 to 2026-07
AZERBAIJAN,AZE,4.913,491.3,0.4978525883018499,0.09868382962028972,105.11756535512421,4.6738144889506845,71,2021-07 to 2026-07
BAHRAIN,BAH,6.453,645.3000000000001,0.294844662545136,0.21886100783703855,96.83782799728779,6.6637182322808135,71,2021-07 to 2026-07
BARBADOS,BAR,6.26,626.0,0.262029455222148,0.2389044389949514,104.35123249025101,5.99897083207411,71,2021-07 to 2026-07
BENIN,BEN,7.261,726.1,0.2484952203495015,0.2921987791068017,103.67126695001531,7.003869262542015,71,2021-07 to 2026-07
BOLIVIA,BOL,7.37,737.0,0.6532296792702513,0.11282402245154137,641.2126600602605,1.1493846673749977,71,2021-07 to 2026-07
BRAZIL,BRZ,5.999,599.9,0.20087770393145324,0.29863941505658964,60.63537089513068,9.893565276240025,71,2021-07 to 2026-07
CAMEROON,CAM,9.016,901.6,0.5590626335667893,0.16126994470151598,315.6456447083718,2.856367623361309,71,2021-07 to 2026-07
CHINA,CHI,3.602,360.2,0.22080737112103688,0.16312861213430876,31.27240568959969,11.518141698954494,71,2021-07 to 2026-07
CHILE,CHL,4.904,490.4,0.21735568663242183,0.22562096607545098,42.44075691379867,11.554930582318557,71,2021-07 to 2026-07
COLOMBIA,COL,6.001,600.1,0.2568317175785631,0.2336549417096171,95.73949411406659,6.268050667627561,71,2021-07 to 2026-07
COSTA RICA,CR,6.247,624.7,0.19542183410323422,0.31966745316185796,72.50797560142021,8.615603936234624,71,2021-07 to 2026-07
DOMINICAN REPB.,DR,6.062,606.2,0.2386039226507284,0.25406120455419484,87.65330766014465,6.915882767942994,71,2021-07 to 2026-07
ECUADOR,ECU,7.196,719.6,0.4626269215194955,0.15554650335446926,556.1806628518362,1.2938241978968223,71,2021-07 to 2026-07
EGYPT,EGY,7.693,769.3,0.4005714164196126,0.19205064776617295,359.7419414490413,2.1384773676965714,71,2021-07 to 2026-07
EL SALVADOR,ESV,8.025,802.5,0.3194000672935506,0.2512522952170976,418.4118718044272,1.9179666115570977,71,2021-07 to 2026-07
ETHIOPIA,ETH,6.25,625.0,0.8675359657361298,0.0720431226698099,2953.62781142462,0.2116041830262102,54,2021-07 to 2026-05
GABON,GAB,8.222,822.1999999999999,0.5690525226382762,0.14448578422744984,412.08151200447065,1.9952363210875617,71,2021-07 to 2026-07
GEORGIA,GEO,4.692,469.20000000000005,0.5932974069974788,0.07908344018803269,164.3136987444768,2.855513591290097,71,2021-07 to 2026-07
GHANA,GHA,5.262,526.1999999999999,0.5124855823253339,0.10267605921954696,954.0081782597084,0.5515675986760286,71,2021-07 to 2026-07
GUATEMALA,GUA,5.647,564.7,0.274771201177744,0.20551644334615216,80.73480114300152,6.994505368258419,71,2021-07 to 2026-07
HONDURAS,HON,6.758,675.8,0.45440065482125286,0.14872337722881118,217.20362671785963,3.1113660955479436,71,2021-07 to 2026-07
HUNGARY,HUN,5.553,555.3,0.3741280496869493,0.14842511820876458,74.06781990556178,7.497182996718691,71,2021-07 to 2026-07
INDONESIA,IDO,5.064,506.4,0.271990133305251,0.18618322431265322,50.939304184465605,9.941242977449841,71,2021-07 to 2026-07
INDIA,IND,4.414,441.4,0.313354623505018,0.14086276917274573,48.69155252022484,9.065227481022651,71,2021-07 to 2026-07
IRAQ,IRQ,5.802,580.1999999999999,0.6557923468147182,0.08847312763226323,284.95378011346685,2.0361196814759497,71,2021-07 to 2026-07
IVORY COAST,IVY,7.095,709.5,0.39095396374371794,0.1814791678298723,167.80754697055724,4.228057753114559,71,2021-07 to 2026-07
JAMAICA,JAM,6.546,654.6,0.31043131623290954,0.21086790081090548,84.96945722971896,7.703944703686384,71,2021-07 to 2026-07
JORDAN,JOR,6.735,673.5,0.3468114750020185,0.19419772658793374,146.5753940846004,4.594904923886947,71,2021-07 to 2026-07
KAZAKHSTAN,KAZ,5.21,521.0,0.3985881242873577,0.1307113705235209,94.2921453664946,5.525380698201084,71,2021-07 to 2026-07
KENYA,KEN,8.347,834.6999999999999,0.43656596362177563,0.1911967651063042,314.8263065661397,2.6513032189215853,71,2021-07 to 2026-07
SAUDI ARABIA,KSA,4.953,495.3,0.2543995999293224,0.19469370240267866,40.147419683613215,12.337031966270159,71,2021-07 to 2026-07
LEBANON,LEB,18.169,1816.9,0.5744008825598765,0.3163121880841824,22691.4942959451,0.08006964972442007,71,2021-07 to 2026-07
MALAYSIA,MAL,4.617,461.7,0.24576361658091897,0.18786344635678928,36.37379808584832,12.693202917944115,71,2021-07 to 2026-07
MEXICO,MEX,6.232,623.2,0.204760094312953,0.30435617940647564,81.2001654708867,7.674861207314172,71,2021-07 to 2026-07
MONGOLIA,MON,6.295,629.5,0.6140667993680571,0.1025132771626516,252.57141543842394,2.49236438298961,71,2021-07 to 2026-07
MOROCCO,MOR,5.066,506.59999999999997,0.30228116308869446,0.16759231532113528,90.51873611669562,5.596631390731059,71,2021-07 to 2026-07
MOZAMBIQUE,MOZ,9.509,950.9000000000001,0.34548680818382443,0.2752348215547643,368.439967998513,2.580881778829809,71,2021-07 to 2026-07
NIGERIA,NIG,7.499,749.9,0.30608618361289,0.24499635728360922,219.0701042220864,3.4231051409907347,71,2021-07 to 2026-07
OMAN,OMA,5.716,571.6,0.27538380429773684,0.207564857148245,77.60075374515476,7.365907834828081,71,2021-07 to 2026-07
PAKISTAN,PAK,7.412,741.2,0.6196656624516278,0.11961288883872268,998.7431967440301,0.742132714812338,71,2021-07 to 2026-07
PANAMA,PAN,5.39,539.0,0.2697953857570737,0.19978102979319323,71.23667434207788,7.566327386533049,71,2021-07 to 2026-07
PAPUA N.GUINEA,PAP,7.764,776.4,0.3167683817803731,0.24510021979981134,179.11302048203743,4.334693245139385,71,2021-07 to 2026-07
PARAGUAY,PAR,5.426,542.6,0.27600313820757527,0.19659196758550032,78.72712613373497,6.892160639501525,71,2021-07 to 2026-07
PERU,PER,5.25,525.0,0.2517482340393075,0.20854168133629386,54.54505524226157,9.62507046089174,71,2021-07 to 2026-07
PHILIPPINES,PHI,5.048,504.8,0.3622034161234357,0.13936919905470152,52.034096515184665,9.701331123385385,71,2021-07 to 2026-07
POLAND,POL,5.382,538.1999999999999,14.096725674054627,0.003817907877646867,63.42793372806289,8.485220444157084,66,2021-07 to 2026-07
ROMANIA,ROM,5.805,580.5,0.34968398038888204,0.1660070327941327,95.11486241683741,6.103147134419224,71,2021-07 to 2026-07
RWANDA,RWA,5.557,555.7,0.36113292824524984,0.15387685711744825,184.756005073561,3.0077506805732614,71,2021-07 to 2026-07
SOUTH AFRICA,SAF,6.269,626.9,0.2858347229077426,0.21932254892710892,115.50743458472853,5.427356275843422,71,2021-07 to 2026-07
Serbia,SER,5.271,527.1,0.4883406101357222,0.10793695815171005,104.21442836595246,5.057840917661331,71,2021-07 to 2026-07
SRI LANKA,SRL,3.632,363.2,0.6209917762549452,0.05848708692897247,1720.2380171678387,0.2111335735958006,71,2021-07 to 2026-07
SURINAME,SUR,7.544,754.4,0.38050344177442336,0.1982636468364027,475.2886555382309,1.5872459634991607,71,2021-07 to 2026-07
TRINIDAD AND TO,T&T,6.473,647.3,0.3543269141022538,0.1826844008279874,93.76442584604519,6.903471056953119,71,2021-07 to 2026-07
TURKEY,TUR,7.067,706.7,0.28124834692879863,0.2512725879874805,132.32599784018254,5.3405983067176335,71,2021-07 to 2026-07
UAE,UAE,4.459,445.9,0.2739300591245383,0.1627787769714159,42.38510150776571,10.520206019049008,71,2021-07 to 2026-07
UKRAINE,UKR,4.555,455.5,1.211876164553085,0.03758634861574153,2315.6342237929684,0.1967063689592128,71,2021-07 to 2026-07
URUGUAY,URU,5.438,543.8,0.26925491039533694,0.20196474753294516,43.474617703289866,12.508448118195847,71,2021-07 to 2026-07
UZBEKISTAN,UZB,6.088,608.8,0.313354623505018,0.19428467121061987,48.69155252022484,12.50319549262934,71,2021-07 to 2026-07
VENEZUELA,VEN,16.041,1604.1000000000001,0.623883024345549,0.2571155068183968,22402.880857226086,0.07160239838005454,71,2021-07 to 2026-07
Zambia,ZAM,5.82,582.0,1.9938986529297307,0.029189046250913484,2679.1889709017537,0.2172299178299887,56,2021-07 to 2026-07
